1000000000011901357,51333!/51333#+1
1000000000011901358,51334!/51334#+1
1000000000011901366,51342!/51342#+1
1000000000011901369,51345!/51345#+1
1000000000011901376,51352!/51352#+1
1000000000011901378,51354!/51354#+1
1000000000011901380,51356!/51356#+1
1000000000011901382,51358!/51358#+1
1000000000011901383,51359!/51359#+1
1000000000011901391,51367!/51367#+1
1000000000011901394,51370!/51370#+1
1000000000011901395,51371!/51371#+1
1000000000011901396,51372!/51372#+1
1000000000011901401,51377!/51377#+1
1000000000011901403,51379!/51379#+1
1000000000011901406,51382!/51382#+1
1000000000011901409,51385!/51385#+1
1000000000011901411,51387!/51387#+1
1000000000011901415,51391!/51391#+1
1000000000011901416,51392!/51392#+1
1000000000011901419,51395!/51395#+1
1000000000011901420,51396!/51396#+1
1000000000011901423,51399!/51399#+1
1000000000011901424,51400!/51400#+1
1000000000011901425,51401!/51401#+1
1000000000011901429,51405!/51405#+1
1000000000011901430,51406!/51406#+1
1000000000011901432,51408!/51408#+1
1000000000011901444,51420!/51420#+1
1000000000011901446,51422!/51422#+1
1000000000011901450,51426!/51426#+1
1000000000011901453,51429!/51429#+1
1000000000011901456,51432!/51432#+1
1000000000011901458,51434!/51434#+1
1000000000011901460,51436!/51436#+1
1000000000011901462,51438!/51438#+1
1000000000011901465,51441!/51441#+1
1000000000011901468,51444!/51444#+1
1000000000011901471,51447!/51447#+1
1000000000011901472,51448!/51448#+1
1000000000011901474,51450!/51450#+1
1000000000011901477,51453!/51453#+1
1000000000011901482,51458!/51458#+1
1000000000011901487,51463!/51463#+1
1000000000011901489,51465!/51465#+1
1000000000011901492,51468!/51468#+1
1000000000011901495,51471!/51471#+1
1000000000011901496,51472!/51472#+1
1000000000011901498,51474!/51474#+1
1000000000011901499,51475!/51475#+1
1000000000011901500,51476!/51476#+1
1000000000011901501,51477!/51477#+1
1000000000011901510,51486!/51486#+1
1000000000011901518,51494!/51494#+1
1000000000011901520,51496!/51496#+1
1000000000011901522,51498!/51498#+1
1000000000011901524,51500!/51500#+1
1000000000011901529,51505!/51505#+1
1000000000011901530,51506!/51506#+1
1000000000011901533,51509!/51509#+1
1000000000011901534,51510!/51510#+1
1000000000011901537,51513!/51513#+1
1000000000011901538,51514!/51514#+1
1000000000011901540,51516!/51516#+1
1000000000011901543,51519!/51519#+1
1000000000011901544,51520!/51520#+1
1000000000011901546,51522!/51522#+1
1000000000011901547,51523!/51523#+1
1000000000011901551,51527!/51527#+1
1000000000011901553,51529!/51529#+1
1000000000011901554,51530!/51530#+1
1000000000011901555,51531!/51531#+1
1000000000011901556,51532!/51532#+1
1000000000011901557,51533!/51533#+1
1000000000011901558,51534!/51534#+1
1000000000011901560,51536!/51536#+1
1000000000011901562,51538!/51538#+1
1000000000011901564,51540!/51540#+1
1000000000011901567,51543!/51543#+1
1000000000011901570,51546!/51546#+1
1000000000011901571,51547!/51547#+1
1000000000011901572,51548!/51548#+1
1000000000011901573,51549!/51549#+1
1000000000011901574,51550!/51550#+1
1000000000011901577,51553!/51553#+1
1000000000011901578,51554!/51554#+1
1000000000011901579,51555!/51555#+1
1000000000011901581,51557!/51557#+1
1000000000011901584,51560!/51560#+1
1000000000011901588,51564!/51564#+1
1000000000011901589,51565!/51565#+1
1000000000011901591,51567!/51567#+1
1000000000011901594,51570!/51570#+1
1000000000011901597,51573!/51573#+1
1000000000011901602,51578!/51578#+1
1000000000011901603,51579!/51579#+1
1000000000011901606,51582!/51582#+1
1000000000011901607,51583!/51583#+1
1000000000011901611,51587!/51587#+1
1000000000011901612,51588!/51588#+1
1000000000011901614,51590!/51590#+1
1000000000011901615,51591!/51591#+1
1000000000011901620,51596!/51596#+1
1000000000011901621,51597!/51597#+1
1000000000011901622,51598!/51598#+1
1000000000011901626,51602!/51602#+1
1000000000011901627,51603!/51603#+1
1000000000011901634,51610!/51610#+1
1000000000011901635,51611!/51611#+1
1000000000011901636,51612!/51612#+1
1000000000011901638,51614!/51614#+1
1000000000011901640,51616!/51616#+1
1000000000011901643,51619!/51619#+1
1000000000011901646,51622!/51622#+1
1000000000011901647,51623!/51623#+1
1000000000011901649,51625!/51625#+1
1000000000011901651,51627!/51627#+1
1000000000011901654,51630!/51630#+1
1000000000011901657,51633!/51633#+1
1000000000011901659,51635!/51635#+1
1000000000011901663,51639!/51639#+1
1000000000011901665,51641!/51641#+1
1000000000011901668,51644!/51644#+1
1000000000011901674,51650!/51650#+1
1000000000011901675,51651!/51651#+1
1000000000011901677,51653!/51653#+1
1000000000011901679,51655!/51655#+1
1000000000011901681,51657!/51657#+1
1000000000011901682,51658!/51658#+1
1000000000011901684,51660!/51660#+1
1000000000011901685,51661!/51661#+1
1000000000011901686,51662!/51662#+1
1000000000011901692,51668!/51668#+1
1000000000011901693,51669!/51669#+1
1000000000011901696,51672!/51672#+1
1000000000011901698,51674!/51674#+1
1000000000011901701,51677!/51677#+1
1000000000011901702,51678!/51678#+1
1000000000011901706,51682!/51682#+1
1000000000011901708,51684!/51684#+1
1000000000011901709,51685!/51685#+1
1000000000011901710,51686!/51686#+1
1000000000011901712,51688!/51688#+1
1000000000011901716,51692!/51692#+1
1000000000011901720,51696!/51696#+1
1000000000011901721,51697!/51697#+1
1000000000011901723,51699!/51699#+1
1000000000011901728,51704!/51704#+1
1000000000011901729,51705!/51705#+1
1000000000011901734,51710!/51710#+1
1000000000011901735,51711!/51711#+1
1000000000011901736,51712!/51712#+1
1000000000011901739,51715!/51715#+1
1000000000011901740,51716!/51716#+1
1000000000011901749,51725!/51725#+1
1000000000011901751,51727!/51727#+1
1000000000011901752,51728!/51728#+1
1000000000011901754,51730!/51730#+1
1000000000011901755,51731!/51731#+1
1000000000011901756,51732!/51732#+1
1000000000011901763,51739!/51739#+1
1000000000011901768,51744!/51744#+1
1000000000011901769,51745!/51745#+1
1000000000011901770,51746!/51746#+1
1000000000011901771,51747!/51747#+1
1000000000011901776,51752!/51752#+1
1000000000011901777,51753!/51753#+1
1000000000011901779,51755!/51755#+1
1000000000011901783,51759!/51759#+1
1000000000011901784,51760!/51760#+1
1000000000011901787,51763!/51763#+1
1000000000011901788,51764!/51764#+1
1000000000011901789,51765!/51765#+1
1000000000011901790,51766!/51766#+1
1000000000011901794,51770!/51770#+1
1000000000011901795,51771!/51771#+1
1000000000011901799,51775!/51775#+1
1000000000011901800,51776!/51776#+1
1000000000011901802,51778!/51778#+1
1000000000011901805,51781!/51781#+1
1000000000011901806,51782!/51782#+1
1000000000011901807,51783!/51783#+1
1000000000011901808,51784!/51784#+1
1000000000011901809,51785!/51785#+1
1000000000011901810,51786!/51786#+1
1000000000011901812,51788!/51788#+1
1000000000011901818,51794!/51794#+1
1000000000011901819,51795!/51795#+1
1000000000011901822,51798!/51798#+1
1000000000011901823,51799!/51799#+1
1000000000011901826,51802!/51802#+1
1000000000011901831,51807!/51807#+1
1000000000011901836,51812!/51812#+1
1000000000011901838,51814!/51814#+1
1000000000011901844,51820!/51820#+1
1000000000011901848,51824!/51824#+1
1000000000011901850,51826!/51826#+1
1000000000011901852,51828!/51828#+1
1000000000011901854,51830!/51830#+1
1000000000011901858,51834!/51834#+1
1000000000011901860,51836!/51836#+1
1000000000011901870,51846!/51846#+1
1000000000011901871,51847!/51847#+1
1000000000011901873,51849!/51849#+1
1000000000011901875,51851!/51851#+1
1000000000011901878,51854!/51854#+1
1000000000011901879,51855!/51855#+1
1000000000011901880,51856!/51856#+1
1000000000011901881,51857!/51857#+1
1000000000011901882,51858!/51858#+1
1000000000011901885,51861!/51861#+1
1000000000011901983,51959!/51959#+1
1000000000011901984,51960!/51960#+1
1000000000011901987,51963!/51963#+1
1000000000011901989,51965!/51965#+1
1000000000011901991,51967!/51967#+1
1000000000011901992,51968!/51968#+1
1000000000011901996,51972!/51972#+1
1000000000011902004,51980!/51980#+1
1000000000011902005,51981!/51981#+1
1000000000011902006,51982!/51982#+1
1000000000011902008,51984!/51984#+1
1000000000011902010,51986!/51986#+1
1000000000011902012,51988!/51988#+1
1000000000011902019,51995!/51995#+1
1000000000011902025,52001!/52001#+1
1000000000011902027,52003!/52003#+1
1000000000011902029,52005!/52005#+1
1000000000011902030,52006!/52006#+1
1000000000011902031,52007!/52007#+1
1000000000011902035,52011!/52011#+1
1000000000011902036,52012!/52012#+1
1000000000011902037,52013!/52013#+1
1000000000011902040,52016!/52016#+1
1000000000011902041,52017!/52017#+1
1000000000011902042,52018!/52018#+1
1000000000011902043,52019!/52019#+1
1000000000011902048,52024!/52024#+1
1000000000011902049,52025!/52025#+1
1000000000011902050,52026!/52026#+1
1000000000011902057,52033!/52033#+1
1000000000011902060,52036!/52036#+1
1000000000011902063,52039!/52039#+1
1000000000011902064,52040!/52040#+1
1000000000011902065,52041!/52041#+1
1000000000011902066,52042!/52042#+1
1000000000011902068,52044!/52044#+1
1000000000011902069,52045!/52045#+1
1000000000011902070,52046!/52046#+1
1000000000011902076,52052!/52052#+1
1000000000011902080,52056!/52056#+1
1000000000011902082,52058!/52058#+1
1000000000011902084,52060!/52060#+1
1000000000011902086,52062!/52062#+1
1000000000011902088,52064!/52064#+1
1000000000011902094,52070!/52070#+1
1000000000011902099,52075!/52075#+1
1000000000011902100,52076!/52076#+1
1000000000011902102,52078!/52078#+1
1000000000011902108,52084!/52084#+1
1000000000011902110,52086!/52086#+1
1000000000011902114,52090!/52090#+1
1000000000011902117,52093!/52093#+1
1000000000011902118,52094!/52094#+1
1000000000011902119,52095!/52095#+1
1000000000011902120,52096!/52096#+1
1000000000011902122,52098!/52098#+1
1000000000011902123,52099!/52099#+1
1000000000011902128,52104!/52104#+1
1000000000011902129,52105!/52105#+1
1000000000011902133,52109!/52109#+1
1000000000011902134,52110!/52110#+1
1000000000011902135,52111!/52111#+1
1000000000011902137,52113!/52113#+1
1000000000011902138,52114!/52114#+1
1000000000011902140,52116!/52116#+1
1000000000011902142,52118!/52118#+1
1000000000011902149,52125!/52125#+1
1000000000011902154,52130!/52130#+1
1000000000011902156,52132!/52132#+1
1000000000011902157,52133!/52133#+1
1000000000011902159,52135!/52135#+1
1000000000011902160,52136!/52136#+1
1000000000011902162,52138!/52138#+1
1000000000011902163,52139!/52139#+1
1000000000011902165,52141!/52141#+1
1000000000011902167,52143!/52143#+1
1000000000011902168,52144!/52144#+1
1000000000011902176,52152!/52152#+1
1000000000011902180,52156!/52156#+1
1000000000011902182,52158!/52158#+1
1000000000011902183,52159!/52159#+1
1000000000011902184,52160!/52160#+1
1000000000011902188,52164!/52164#+1
1000000000011902191,52167!/52167#+1
1000000000011902192,52168!/52168#+1
1000000000011902193,52169!/52169#+1
1000000000011902195,52171!/52171#+1
1000000000011902197,52173!/52173#+1
1000000000011902198,52174!/52174#+1
1000000000011902200,52176!/52176#+1
1000000000011902206,52182!/52182#+1
1000000000011902210,52186!/52186#+1
1000000000011902214,52190!/52190#+1
1000000000011902215,52191!/52191#+1
1000000000011902217,52193!/52193#+1
1000000000011902219,52195!/52195#+1
1000000000011902220,52196!/52196#+1
1000000000011902221,52197!/52197#+1
1000000000011902224,52200!/52200#+1
1000000000011902227,52203!/52203#+1
1000000000011902228,52204!/52204#+1
1000000000011902232,52208!/52208#+1
1000000000011902234,52210!/52210#+1
1000000000011902236,52212!/52212#+1
1000000000011902237,52213!/52213#+1
1000000000011902238,52214!/52214#+1
1000000000011902240,52216!/52216#+1
1000000000011902241,52217!/52217#+1
1000000000011902242,52218!/52218#+1
1000000000011902243,52219!/52219#+1
1000000000011902246,52222!/52222#+1
1000000000011902250,52226!/52226#+1
1000000000011902251,52227!/52227#+1
1000000000011902252,52228!/52228#+1
1000000000011902253,52229!/52229#+1
1000000000011902254,52230!/52230#+1
1000000000011902256,52232!/52232#+1
1000000000011902258,52234!/52234#+1
1000000000011902259,52235!/52235#+1
1000000000011902263,52239!/52239#+1
1000000000011902266,52242!/52242#+1
1000000000011902267,52243!/52243#+1
1000000000011902268,52244!/52244#+1
1000000000011902272,52248!/52248#+1
1000000000011902275,52251!/52251#+1
1000000000011902280,52256!/52256#+1
1000000000011902282,52258!/52258#+1
1000000000011902285,52261!/52261#+1
1000000000011902287,52263!/52263#+1
1000000000011902288,52264!/52264#+1
1000000000011902289,52265!/52265#+1
1000000000011902293,52269!/52269#+1
1000000000011902297,52273!/52273#+1
1000000000011902301,52277!/52277#+1
1000000000011902302,52278!/52278#+1
1000000000011902303,52279!/52279#+1
1000000000011902305,52281!/52281#+1
1000000000011902307,52283!/52283#+1
1000000000011902309,52285!/52285#+1
1000000000011902311,52287!/52287#+1
1000000000011902321,52297!/52297#+1
1000000000011902323,52299!/52299#+1
1000000000011902324,52300!/52300#+1
1000000000011902326,52302!/52302#+1
1000000000011902327,52303!/52303#+1
1000000000011902331,52307!/52307#+1
1000000000011902332,52308!/52308#+1
1000000000011902334,52310!/52310#+1
1000000000011902338,52314!/52314#+1
1000000000011902340,52316!/52316#+1
1000000000011902344,52320!/52320#+1
1000000000011902350,52326!/52326#+1
1000000000011902353,52329!/52329#+1
1000000000011902355,52331!/52331#+1
1000000000011902357,52333!/52333#+1
1000000000011902358,52334!/52334#+1
1000000000011902363,52339!/52339#+1
1000000000011902364,52340!/52340#+1
1000000000011902369,52345!/52345#+1
1000000000011902371,52347!/52347#+1
1000000000011902372,52348!/52348#+1
1000000000011902374,52350!/52350#+1
1000000000011902375,52351!/52351#+1
1000000000011902377,52353!/52353#+1
1000000000011902380,52356!/52356#+1
1000000000011902383,52359!/52359#+1
1000000000011902386,52362!/52362#+1
1000000000011902394,52370!/52370#+1
1000000000011902396,52372!/52372#+1
1000000000011902398,52374!/52374#+1
1000000000011902399,52375!/52375#+1
1000000000011902400,52376!/52376#+1
1000000000011902402,52378!/52378#+1
1000000000011902405,52381!/52381#+1
1000000000011902406,52382!/52382#+1
1000000000011902410,52386!/52386#+1
1000000000011902412,52388!/52388#+1
1000000000011902413,52389!/52389#+1
1000000000011902416,52392!/52392#+1
1000000000011902419,52395!/52395#+1
1000000000011902422,52398!/52398#+1
1000000000011902424,52400!/52400#+1
1000000000011902425,52401!/52401#+1
1000000000011902428,52404!/52404#+1
1000000000011902430,52406!/52406#+1
1000000000011902431,52407!/52407#+1
1000000000011902436,52412!/52412#+1
1000000000011902438,52414!/52414#+1
1000000000011902439,52415!/52415#+1
1000000000011902440,52416!/52416#+1
1000000000011902442,52418!/52418#+1
1000000000011902443,52419!/52419#+1
1000000000011902444,52420!/52420#+1
1000000000011902448,52424!/52424#+1
1000000000011902453,52429!/52429#+1
1000000000011902454,52430!/52430#+1
1000000000011902460,52436!/52436#+1
1000000000011902461,52437!/52437#+1
1000000000011902462,52438!/52438#+1
1000000000011902463,52439!/52439#+1
1000000000011902469,52445!/52445#+1
1000000000011902471,52447!/52447#+1
1000000000011902476,52452!/52452#+1
1000000000011902479,52455!/52455#+1
1000000000011902482,52458!/52458#+1
1000000000011902488,52464!/52464#+1
1000000000011902489,52465!/52465#+1
1000000000011902490,52466!/52466#+1
1000000000011902491,52467!/52467#+1
1000000000011902493,52469!/52469#+1
1000000000011902498,52474!/52474#+1
1000000000011902500,52476!/52476#+1
1000000000011902502,52478!/52478#+1
1000000000011902504,52480!/52480#+1
1000000000011902505,52481!/52481#+1
1000000000011902506,52482!/52482#+1
1000000000011902507,52483!/52483#+1
1000000000011902510,52486!/52486#+1
1000000000011902512,52488!/52488#+1
1000000000011902515,52491!/52491#+1
1000000000011902517,52493!/52493#+1
1000000000011902518,52494!/52494#+1
1000000000011902522,52498!/52498#+1
1000000000011902524,52500!/52500#+1
1000000000011902526,52502!/52502#+1
1000000000011902527,52503!/52503#+1
1000000000011902528,52504!/52504#+1
1000000000011902531,52507!/52507#+1
1000000000011902532,52508!/52508#+1
1000000000011902533,52509!/52509#+1
1000000000011902534,52510!/52510#+1
1000000000011902538,52514!/52514#+1
1000000000011902546,52522!/52522#+1
1000000000011902547,52523!/52523#+1
1000000000011902550,52526!/52526#+1
1000000000011902552,52528!/52528#+1
1000000000011902554,52530!/52530#+1
1000000000011902555,52531!/52531#+1
1000000000011902559,52535!/52535#+1
1000000000011902564,52540!/52540#+1
1000000000011902571,52547!/52547#+1
1000000000011902572,52548!/52548#+1
1000000000011902573,52549!/52549#+1
1000000000011902575,52551!/52551#+1
1000000000011902578,52554!/52554#+1
1000000000011902582,52558!/52558#+1
1000000000011902587,52563!/52563#+1
1000000000011902589,52565!/52565#+1
1000000000011902590,52566!/52566#+1
1000000000011902598,52574!/52574#+1
1000000000011902600,52576!/52576#+1
1000000000011902606,52582!/52582#+1
1000000000011902609,52585!/52585#+1
1000000000011902613,52589!/52589#+1
1000000000011902614,52590!/52590#+1
1000000000011902615,52591!/52591#+1
1000000000011902618,52594!/52594#+1
1000000000011902624,52600!/52600#+1
1000000000011902628,52604!/52604#+1
1000000000011902629,52605!/52605#+1
1000000000011902630,52606!/52606#+1
1000000000011902631,52607!/52607#+1
1000000000011902634,52610!/52610#+1
1000000000011902636,52612!/52612#+1
1000000000011902637,52613!/52613#+1
1000000000011902638,52614!/52614#+1
1000000000011902640,52616!/52616#+1
1000000000011902642,52618!/52618#+1
1000000000011902644,52620!/52620#+1
1000000000011902645,52621!/52621#+1
1000000000011902648,52624!/52624#+1
1000000000011902649,52625!/52625#+1
1000000000011902656,52632!/52632#+1
1000000000011902657,52633!/52633#+1
1000000000011902659,52635!/52635#+1
1000000000011902664,52640!/52640#+1
1000000000011902665,52641!/52641#+1
1000000000011902667,52643!/52643#+1
1000000000011902670,52646!/52646#+1
1000000000011902677,52653!/52653#+1
1000000000011902678,52654!/52654#+1
1000000000011902682,52658!/52658#+1
1000000000011902685,52661!/52661#+1
1000000000011902688,52664!/52664#+1
1000000000011902690,52666!/52666#+1
1000000000011902693,52669!/52669#+1
1000000000011902696,52672!/52672#+1
1000000000011902699,52675!/52675#+1
1000000000011902702,52678!/52678#+1
1000000000011902704,52680!/52680#+1
1000000000011902708,52684!/52684#+1
1000000000011902711,52687!/52687#+1
1000000000011902714,52690!/52690#+1
1000000000011902716,52692!/52692#+1
1000000000011902717,52693!/52693#+1
1000000000011902718,52694!/52694#+1
1000000000011902719,52695!/52695#+1
1000000000011902725,52701!/52701#+1
1000000000011902727,52703!/52703#+1
1000000000011902730,52706!/52706#+1
1000000000011902732,52708!/52708#+1
1000000000011902737,52713!/52713#+1
1000000000011902738,52714!/52714#+1
1000000000011902741,52717!/52717#+1
1000000000011902744,52720!/52720#+1
1000000000011902747,52723!/52723#+1
1000000000011902750,52726!/52726#+1
1000000000011902753,52729!/52729#+1
1000000000011902754,52730!/52730#+1
1000000000011902760,52736!/52736#+1
1000000000011902766,52742!/52742#+1
1000000000011902767,52743!/52743#+1
1000000000011902774,52750!/52750#+1
1000000000011902775,52751!/52751#+1
1000000000011902776,52752!/52752#+1
1000000000011902779,52755!/52755#+1
1000000000011902786,52762!/52762#+1
1000000000011902788,52764!/52764#+1
1000000000011902789,52765!/52765#+1
1000000000011902791,52767!/52767#+1
1000000000011902795,52771!/52771#+1
1000000000011902798,52774!/52774#+1
1000000000011902803,52779!/52779#+1
1000000000011902805,52781!/52781#+1
1000000000011902808,52784!/52784#+1
1000000000011902811,52787!/52787#+1
1000000000011902812,52788!/52788#+1
1000000000011902815,52791!/52791#+1
1000000000011902817,52793!/52793#+1
1000000000011902818,52794!/52794#+1
1000000000011902824,52800!/52800#+1
1000000000011902828,52804!/52804#+1
1000000000011902830,52806!/52806#+1
1000000000011902834,52810!/52810#+1
1000000000011902836,52812!/52812#+1
1000000000011902838,52814!/52814#+1
1000000000011902844,52820!/52820#+1
1000000000011902845,52821!/52821#+1
1000000000011902849,52825!/52825#+1
1000000000011902852,52828!/52828#+1
1000000000011902854,52830!/52830#+1
1000000000011902856,52832!/52832#+1
1000000000011902858,52834!/52834#+1
1000000000011902859,52835!/52835#+1
1000000000011902860,52836!/52836#+1
1000000000011902862,52838!/52838#+1
1000000000011902863,52839!/52839#+1
1000000000011902864,52840!/52840#+1
1000000000011902866,52842!/52842#+1
1000000000011902868,52844!/52844#+1
1000000000011902869,52845!/52845#+1
1000000000011902872,52848!/52848#+1
1000000000011902873,52849!/52849#+1
1000000000011902876,52852!/52852#+1
1000000000011902877,52853!/52853#+1
1000000000011902878,52854!/52854#+1
1000000000011902880,52856!/52856#+1
1000000000011902882,52858!/52858#+1
1000000000011902884,52860!/52860#+1
1000000000011902886,52862!/52862#+1
1000000000011902887,52863!/52863#+1
1000000000011902891,52867!/52867#+1
1000000000011902893,52869!/52869#+1
1000000000011902894,52870!/52870#+1
1000000000011902898,52874!/52874#+1
1000000000011902914,52890!/52890#+1
1000000000011902915,52891!/52891#+1
1000000000011902917,52893!/52893#+1
1000000000011902920,52896!/52896#+1
1000000000011902922,52898!/52898#+1
1000000000011902923,52899!/52899#+1
1000000000011902928,52904!/52904#+1
1000000000011902929,52905!/52905#+1
1000000000011902930,52906!/52906#+1
1000000000011902934,52910!/52910#+1
1000000000011902936,52912!/52912#+1
1000000000011902937,52913!/52913#+1
1000000000011902942,52918!/52918#+1
1000000000011902944,52920!/52920#+1
1000000000011902945,52921!/52921#+1
1000000000011902946,52922!/52922#+1
1000000000011902948,52924!/52924#+1
1000000000011902950,52926!/52926#+1
1000000000011902951,52927!/52927#+1
1000000000011902952,52928!/52928#+1
1000000000011902956,52932!/52932#+1
1000000000011902957,52933!/52933#+1
1000000000011902959,52935!/52935#+1
1000000000011902960,52936!/52936#+1
1000000000011902962,52938!/52938#+1
1000000000011902964,52940!/52940#+1
1000000000011902966,52942!/52942#+1
1000000000011902968,52944!/52944#+1
1000000000011902970,52946!/52946#+1
1000000000011902973,52949!/52949#+1
1000000000011902974,52950!/52950#+1
1000000000011902976,52952!/52952#+1
1000000000011902977,52953!/52953#+1
1000000000011902978,52954!/52954#+1
1000000000011902984,52960!/52960#+1
1000000000011902986,52962!/52962#+1
1000000000011902988,52964!/52964#+1
1000000000011902989,52965!/52965#+1
1000000000011902990,52966!/52966#+1
1000000000011902992,52968!/52968#+1
1000000000011902994,52970!/52970#+1
1000000000011902995,52971!/52971#+1
1000000000011902996,52972!/52972#+1
1000000000011903000,52976!/52976#+1
1000000000011903003,52979!/52979#+1
1000000000011903004,52980!/52980#+1
1000000000011903006,52982!/52982#+1
1000000000011903007,52983!/52983#+1
1000000000011903009,52985!/52985#+1
1000000000011903011,52987!/52987#+1
1000000000011903012,52988!/52988#+1
1000000000011903016,52992!/52992#+1
1000000000011903018,52994!/52994#+1
1000000000011903019,52995!/52995#+1
1000000000011903022,52998!/52998#+1
1000000000011903024,53000!/53000#+1
1000000000011903025,53001!/53001#+1
1000000000011903026,53002!/53002#+1
1000000000011903029,53005!/53005#+1
1000000000011903030,53006!/53006#+1
1000000000011903031,53007!/53007#+1
1000000000011903032,53008!/53008#+1
1000000000011903038,53014!/53014#+1
1000000000011903043,53019!/53019#+1
1000000000011903045,53021!/53021#+1
1000000000011903048,53024!/53024#+1
1000000000011903049,53025!/53025#+1
1000000000011903052,53028!/53028#+1
1000000000011903053,53029!/53029#+1
1000000000011903055,53031!/53031#+1
1000000000011903058,53034!/53034#+1
1000000000011903060,53036!/53036#+1
1000000000011903062,53038!/53038#+1
1000000000011903064,53040!/53040#+1
1000000000011903065,53041!/53041#+1
1000000000011903070,53046!/53046#+1
1000000000011903073,53049!/53049#+1
1000000000011903076,53052!/53052#+1
1000000000011903079,53055!/53055#+1
1000000000011903080,53056!/53056#+1
1000000000011903083,53059!/53059#+1
1000000000011903085,53061!/53061#+1
1000000000011903088,53064!/53064#+1
1000000000011903091,53067!/53067#+1
1000000000011903092,53068!/53068#+1
1000000000011903096,53072!/53072#+1
1000000000011903098,53074!/53074#+1
1000000000011903099,53075!/53075#+1
1000000000011903102,53078!/53078#+1
1000000000011903103,53079!/53079#+1
1000000000011903104,53080!/53080#+1
1000000000011903107,53083!/53083#+1
1000000000011903108,53084!/53084#+1
1000000000011903110,53086!/53086#+1
1000000000011903115,53091!/53091#+1
1000000000011903118,53094!/53094#+1
1000000000011903120,53096!/53096#+1
1000000000011903127,53103!/53103#+1
1000000000011903130,53106!/53106#+1
1000000000011903131,53107!/53107#+1
1000000000011903138,53114!/53114#+1
1000000000011903143,53119!/53119#+1
1000000000011903144,53120!/53120#+1
1000000000011903145,53121!/53121#+1
1000000000011903150,53126!/53126#+1
1000000000011903152,53128!/53128#+1
1000000000011903155,53131!/53131#+1
1000000000011903156,53132!/53132#+1
1000000000011903160,53136!/53136#+1
1000000000011903161,53137!/53137#+1
1000000000011903165,53141!/53141#+1
1000000000011903166,53142!/53142#+1
1000000000011903168,53144!/53144#+1
1000000000011903170,53146!/53146#+1
1000000000011903174,53150!/53150#+1
1000000000011903179,53155!/53155#+1
1000000000011903180,53156!/53156#+1
1000000000011903181,53157!/53157#+1
1000000000011903182,53158!/53158#+1
1000000000011903188,53164!/53164#+1
1000000000011903189,53165!/53165#+1
1000000000011903190,53166!/53166#+1
1000000000011903191,53167!/53167#+1
1000000000011903192,53168!/53168#+1
1000000000011903198,53174!/53174#+1
1000000000011903201,53177!/53177#+1
1000000000011903202,53178!/53178#+1
1000000000011903206,53182!/53182#+1
1000000000011903208,53184!/53184#+1
1000000000011903209,53185!/53185#+1
1000000000011903210,53186!/53186#+1
1000000000011903211,53187!/53187#+1
1000000000011903214,53190!/53190#+1
1000000000011903216,53192!/53192#+1
1000000000011903217,53193!/53193#+1
1000000000011903220,53196!/53196#+1
1000000000011903222,53198!/53198#+1
1000000000011903224,53200!/53200#+1
1000000000011903228,53204!/53204#+1
1000000000011903230,53206!/53206#+1
1000000000011903232,53208!/53208#+1
1000000000011903234,53210!/53210#+1
1000000000011903236,53212!/53212#+1
1000000000011903237,53213!/53213#+1
1000000000011903238,53214!/53214#+1
1000000000011903243,53219!/53219#+1
1000000000011903244,53220!/53220#+1
1000000000011903251,53227!/53227#+1
1000000000011903253,53229!/53229#+1
1000000000011903254,53230!/53230#+1
1000000000011903256,53232!/53232#+1
1000000000011903260,53236!/53236#+1
1000000000011903262,53238!/53238#+1
1000000000011903264,53240!/53240#+1
1000000000011903266,53242!/53242#+1
1000000000011903267,53243!/53243#+1
1000000000011903270,53246!/53246#+1
1000000000011903271,53247!/53247#+1
1000000000011903273,53249!/53249#+1
1000000000011903274,53250!/53250#+1
1000000000011903276,53252!/53252#+1
1000000000011903277,53253!/53253#+1
1000000000011903279,53255!/53255#+1
1000000000011903283,53259!/53259#+1
1000000000011903284,53260!/53260#+1
1000000000011903285,53261!/53261#+1
1000000000011903287,53263!/53263#+1
1000000000011903288,53264!/53264#+1
1000000000011903292,53268!/53268#+1
1000000000011903294,53270!/53270#+1
1000000000011903295,53271!/53271#+1
1000000000011903296,53272!/53272#+1
1000000000011903301,53277!/53277#+1
1000000000011903302,53278!/53278#+1
1000000000011903309,53285!/53285#+1
1000000000011903311,53287!/53287#+1
1000000000011903316,53292!/53292#+1
1000000000011903317,53293!/53293#+1
1000000000011903325,53301!/53301#+1
1000000000011903327,53303!/53303#+1
1000000000011903328,53304!/53304#+1
1000000000011903331,53307!/53307#+1
1000000000011903334,53310!/53310#+1
1000000000011903335,53311!/53311#+1
1000000000011903336,53312!/53312#+1
1000000000011903338,53314!/53314#+1
1000000000011903341,53317!/53317#+1
1000000000011903342,53318!/53318#+1
1000000000011903343,53319!/53319#+1
1000000000011903344,53320!/53320#+1
1000000000011903346,53322!/53322#+1
1000000000011903354,53330!/53330#+1
1000000000011903359,53335!/53335#+1
1000000000011903360,53336!/53336#+1
1000000000011903364,53340!/53340#+1
1000000000011903365,53341!/53341#+1
1000000000011903366,53342!/53342#+1
1000000000011903367,53343!/53343#+1
1000000000011903369,53345!/53345#+1
1000000000011903372,53348!/53348#+1
1000000000011903373,53349!/53349#+1
1000000000011903375,53351!/53351#+1
1000000000011903376,53352!/53352#+1
1000000000011903379,53355!/53355#+1
1000000000011903381,53357!/53357#+1
1000000000011903386,53362!/53362#+1
1000000000011903387,53363!/53363#+1
1000000000011903390,53366!/53366#+1
1000000000011903398,53374!/53374#+1
1000000000011903399,53375!/53375#+1
1000000000011903406,53382!/53382#+1
1000000000011903408,53384!/53384#+1
1000000000011903410,53386!/53386#+1
1000000000011903411,53387!/53387#+1
1000000000011903412,53388!/53388#+1
1000000000011903413,53389!/53389#+1
1000000000011903414,53390!/53390#+1
1000000000011903415,53391!/53391#+1
1000000000011903416,53392!/53392#+1
1000000000011903420,53396!/53396#+1
1000000000011903427,53403!/53403#+1
1000000000011903429,53405!/53405#+1
1000000000011903430,53406!/53406#+1
1000000000011903434,53410!/53410#+1
1000000000011903437,53413!/53413#+1
1000000000011903438,53414!/53414#+1
1000000000011903441,53417!/53417#+1
1000000000011903442,53418!/53418#+1
1000000000011903444,53420!/53420#+1
1000000000011903445,53421!/53421#+1
1000000000011903447,53423!/53423#+1
1000000000011903449,53425!/53425#+1
1000000000011903451,53427!/53427#+1
1000000000011903453,53429!/53429#+1
1000000000011903454,53430!/53430#+1
1000000000011903458,53434!/53434#+1
1000000000011903459,53435!/53435#+1
1000000000011903464,53440!/53440#+1
1000000000011903467,53443!/53443#+1
1000000000011903469,53445!/53445#+1
1000000000011903470,53446!/53446#+1
1000000000011903471,53447!/53447#+1
1000000000011903472,53448!/53448#+1
1000000000011903473,53449!/53449#+1
1000000000011903475,53451!/53451#+1
1000000000011903476,53452!/53452#+1
1000000000011903478,53454!/53454#+1
1000000000011903481,53457!/53457#+1
1000000000011903483,53459!/53459#+1
1000000000011903484,53460!/53460#+1
1000000000011903488,53464!/53464#+1
1000000000011903491,53467!/53467#+1
1000000000011903492,53468!/53468#+1
1000000000011903493,53469!/53469#+1
1000000000011903497,53473!/53473#+1
1000000000011903502,53478!/53478#+1
1000000000011903506,53482!/53482#+1
1000000000011903509,53485!/53485#+1
1000000000011903512,53488!/53488#+1
1000000000011903514,53490!/53490#+1
1000000000011903515,53491!/53491#+1
1000000000011903517,53493!/53493#+1
1000000000011903518,53494!/53494#+1
1000000000011903519,53495!/53495#+1
1000000000011903520,53496!/53496#+1
1000000000011903521,53497!/53497#+1
1000000000011903525,53501!/53501#+1
1000000000011903533,53509!/53509#+1
1000000000011903534,53510!/53510#+1
1000000000011903541,53517!/53517#+1
1000000000011903543,53519!/53519#+1
1000000000011903544,53520!/53520#+1
1000000000011903545,53521!/53521#+1
1000000000011903546,53522!/53522#+1
1000000000011903547,53523!/53523#+1
1000000000011903549,53525!/53525#+1
1000000000011903550,53526!/53526#+1
1000000000011903552,53528!/53528#+1
1000000000011903553,53529!/53529#+1
1000000000011903558,53534!/53534#+1
1000000000011903560,53536!/53536#+1
1000000000011903563,53539!/53539#+1
1000000000011903564,53540!/53540#+1
1000000000011903566,53542!/53542#+1
1000000000011903568,53544!/53544#+1
1000000000011903569,53545!/53545#+1
1000000000011903571,53547!/53547#+1
1000000000011903574,53550!/53550#+1
1000000000011903578,53554!/53554#+1
1000000000011903581,53557!/53557#+1
1000000000011903582,53558!/53558#+1
1000000000011903583,53559!/53559#+1
1000000000011903585,53561!/53561#+1
1000000000011903586,53562!/53562#+1
1000000000011903587,53563!/53563#+1
1000000000011903590,53566!/53566#+1
1000000000011903598,53574!/53574#+1
1000000000011903600,53576!/53576#+1
1000000000011903601,53577!/53577#+1
1000000000011903602,53578!/53578#+1
1000000000011903603,53579!/53579#+1
1000000000011903604,53580!/53580#+1
1000000000011903607,53583!/53583#+1
1000000000011903608,53584!/53584#+1
1000000000011903609,53585!/53585#+1
1000000000011903611,53587!/53587#+1
1000000000011903613,53589!/53589#+1
1000000000011903616,53592!/53592#+1
1000000000011903619,53595!/53595#+1
1000000000011903625,53601!/53601#+1
1000000000011903626,53602!/53602#+1
1000000000011903627,53603!/53603#+1
1000000000011903628,53604!/53604#+1
1000000000011903629,53605!/53605#+1
1000000000011903630,53606!/53606#+1
1000000000011903632,53608!/53608#+1
1000000000011903636,53612!/53612#+1
1000000000011903638,53614!/53614#+1
1000000000011903639,53615!/53615#+1
1000000000011903640,53616!/53616#+1
1000000000011903642,53618!/53618#+1
1000000000011903643,53619!/53619#+1
1000000000011903648,53624!/53624#+1
1000000000011903649,53625!/53625#+1
1000000000011903651,53627!/53627#+1
1000000000011903652,53628!/53628#+1
1000000000011903654,53630!/53630#+1
1000000000011903655,53631!/53631#+1
1000000000011903656,53632!/53632#+1
1000000000011903662,53638!/53638#+1
1000000000011903669,53645!/53645#+1
1000000000011903672,53648!/53648#+1
1000000000011903673,53649!/53649#+1
1000000000011903675,53651!/53651#+1
1000000000011903676,53652!/53652#+1
1000000000011903678,53654!/53654#+1
1000000000011903679,53655!/53655#+1
1000000000011903680,53656!/53656#+1
1000000000011903685,53661!/53661#+1
1000000000011903687,53663!/53663#+1
1000000000011903689,53665!/53665#+1
1000000000011903690,53666!/53666#+1
1000000000011903695,53671!/53671#+1
1000000000011903696,53672!/53672#+1
1000000000011903700,53676!/53676#+1
1000000000011903701,53677!/53677#+1
1000000000011903702,53678!/53678#+1
1000000000011903703,53679!/53679#+1
1000000000011903706,53682!/53682#+1
1000000000011903708,53684!/53684#+1
1000000000011903709,53685!/53685#+1
1000000000011903710,53686!/53686#+1
1000000000011903713,53689!/53689#+1
1000000000011903715,53691!/53691#+1
1000000000011903718,53694!/53694#+1
1000000000011903719,53695!/53695#+1
1000000000011903720,53696!/53696#+1
1000000000011903725,53701!/53701#+1
1000000000011903727,53703!/53703#+1
1000000000011903729,53705!/53705#+1
1000000000011903733,53709!/53709#+1
1000000000011903736,53712!/53712#+1
1000000000011903742,53718!/53718#+1
1000000000011903744,53720!/53720#+1
1000000000011903746,53722!/53722#+1
1000000000011903752,53728!/53728#+1
1000000000011903753,53729!/53729#+1
1000000000011903754,53730!/53730#+1
1000000000011903758,53734!/53734#+1
1000000000011903759,53735!/53735#+1
1000000000011903762,53738!/53738#+1
1000000000011903764,53740!/53740#+1
1000000000011903765,53741!/53741#+1
1000000000011903766,53742!/53742#+1
1000000000011903770,53746!/53746#+1
1000000000011903774,53750!/53750#+1
1000000000011903775,53751!/53751#+1
1000000000011903776,53752!/53752#+1
1000000000011903777,53753!/53753#+1
1000000000011903778,53754!/53754#+1
1000000000011903779,53755!/53755#+1
1000000000011903780,53756!/53756#+1
1000000000011903782,53758!/53758#+1
1000000000011903784,53760!/53760#+1
1000000000011903785,53761!/53761#+1
1000000000011903786,53762!/53762#+1
1000000000011903788,53764!/53764#+1
1000000000011903789,53765!/53765#+1
1000000000011903791,53767!/53767#+1
1000000000011903792,53768!/53768#+1
1000000000011903793,53769!/53769#+1
1000000000011903794,53770!/53770#+1
1000000000011903795,53771!/53771#+1
1000000000011903796,53772!/53772#+1
1000000000011903798,53774!/53774#+1
1000000000011903802,53778!/53778#+1
1000000000011903806,53782!/53782#+1
1000000000011903809,53785!/53785#+1
1000000000011903811,53787!/53787#+1
1000000000011903813,53789!/53789#+1
1000000000011903814,53790!/53790#+1
1000000000011903816,53792!/53792#+1
1000000000011903817,53793!/53793#+1
1000000000011903819,53795!/53795#+1
1000000000011903821,53797!/53797#+1
1000000000011903822,53798!/53798#+1
1000000000011903823,53799!/53799#+1
1000000000011903824,53800!/53800#+1
1000000000011903826,53802!/53802#+1
1000000000011903828,53804!/53804#+1
1000000000011903829,53805!/53805#+1
1000000000011903830,53806!/53806#+1
1000000000011903831,53807!/53807#+1
1000000000011903834,53810!/53810#+1
1000000000011903835,53811!/53811#+1
1000000000011903841,53817!/53817#+1
1000000000011903846,53822!/53822#+1
1000000000011903847,53823!/53823#+1
1000000000011903850,53826!/53826#+1
1000000000011903852,53828!/53828#+1
1000000000011903858,53834!/53834#+1
1000000000011903860,53836!/53836#+1
1000000000011903862,53838!/53838#+1
1000000000011903866,53842!/53842#+1
